file,speaker
3853-163249-0000.flac,1000
3853-163249-0001.flac,1000
3853-163249-0002.flac,1000
3853-163249-0003.flac,1000
3853-163249-0004.flac,1000
3853-163249-0005.flac,1000
3853-163249-0006.flac,1000
3853-163249-0007.flac,1000
3853-163249-0008.flac,1000
3853-163249-0009.flac,1000
3853-163249-0010.flac,1000
3853-163249-0011.flac,1000
3853-163249-0012.flac,1000
3853-163249-0013.flac,1000
3853-163249-0014.flac,1000
3853-163249-0015.flac,1000
3853-163249-0016.flac,1000
3853-163249-0017.flac,1000
3853-163249-0018.flac,1000
3853-163249-0019.flac,1000
3853-163249-0020.flac,1000
3853-163249-0021.flac,1000
3853-163249-0022.flac,1000
3853-163249-0023.flac,1000
3853-163249-0024.flac,1000
3853-163249-0025.flac,1000
3853-163249-0026.flac,1000
3853-163249-0027.flac,1000
3853-163249-0028.flac,1000
3853-163249-0029.flac,1000
3853-163249-0030.flac,1000
3853-163249-0031.flac,1000
3853-163249-0032.flac,1000
3853-163249-0033.flac,1000
3853-163249-0034.flac,1000
3853-163249-0035.flac,1000
3853-163249-0036.flac,1000
3853-163249-0037.flac,1000
3853-163249-0038.flac,1000
3853-163249-0039.flac,1000
3853-163249-0040.flac,1000
3853-163249-0041.flac,1000
3853-163249-0042.flac,1000
3853-163249-0043.flac,1000
3853-163249-0044.flac,1000
3853-163249-0045.flac,1000
3853-163249-0046.flac,1000
3853-163249-0047.flac,1000
3853-163249-0048.flac,1000
3853-163249-0049.flac,1000
3853-163249-0050.flac,1000
3853-163249-0051.flac,1000
3853-163249-0052.flac,1000
3853-163249-0053.flac,1000
3853-163249-0054.flac,1000
3853-163249-0055.flac,1000
3853-163249-0056.flac,1000
5536-43358-0000.flac,1012
5536-43358-0001.flac,1012
5536-43358-0002.flac,1012
5536-43358-0003.flac,1012
5536-43358-0004.flac,1012
5536-43358-0005.flac,1012
5536-43358-0006.flac,1012
5536-43358-0007.flac,1012
5536-43358-0008.flac,1012
5536-43358-0009.flac,1012
5536-43358-0010.flac,1012
5536-43358-0011.flac,1012
5536-43358-0012.flac,1012
5536-43358-0013.flac,1012
5536-43358-0014.flac,1012
5536-43358-0015.flac,1012
5536-43358-0016.flac,1012
5536-43358-0017.flac,1012
5536-43358-0018.flac,1012
5536-43358-0019.flac,1012
5338-284437-0000.flac,1199
5338-284437-0001.flac,1199
5338-284437-0002.flac,1199
5338-284437-0003.flac,1199
5338-284437-0004.flac,1199
5338-284437-0005.flac,1199
5338-284437-0006.flac,1199
5338-284437-0007.flac,1199
5338-284437-0008.flac,1199
5338-284437-0009.flac,1199
5338-284437-0010.flac,1199
5338-284437-0011.flac,1199
5338-284437-0012.flac,1199
5338-284437-0013.flac,1199
5338-284437-0014.flac,1199
5338-284437-0015.flac,1199
5338-284437-0016.flac,1199
5338-284437-0017.flac,1199
5338-284437-0018.flac,1199
5338-284437-0019.flac,1199
5338-284437-0020.flac,1199
5338-284437-0021.flac,1199
5338-284437-0022.flac,1199
5338-284437-0023.flac,1199
5338-284437-0024.flac,1199
5338-284437-0025.flac,1199
5338-284437-0026.flac,1199
5338-284437-0027.flac,1199
5338-284437-0028.flac,1199
5338-284437-0029.flac,1199
5338-284437-0030.flac,1199
5338-284437-0031.flac,1199
5338-284437-0032.flac,1199
5338-284437-0033.flac,1199
5694-64025-0000.flac,1866
5694-64025-0001.flac,1866
5694-64025-0002.flac,1866
5694-64025-0003.flac,1866
5694-64025-0004.flac,1866
5694-64025-0005.flac,1866
5694-64025-0006.flac,1866
5694-64025-0007.flac,1866
5694-64025-0008.flac,1866
5694-64025-0009.flac,1866
5694-64025-0010.flac,1866
5694-64025-0011.flac,1866
5694-64025-0012.flac,1866
5694-64025-0013.flac,1866
5694-64025-0014.flac,1866
5694-64025-0015.flac,1866
5694-64025-0016.flac,1866
5694-64025-0017.flac,1866
5694-64025-0018.flac,1866
5694-64025-0019.flac,1866
5694-64025-0020.flac,1866
5694-64025-0021.flac,1866
5694-64025-0022.flac,1866
5694-64025-0023.flac,1866
5895-34615-0000.flac,1990
5895-34615-0001.flac,1990
5895-34615-0002.flac,1990
5895-34615-0003.flac,1990
5895-34615-0004.flac,1990
5895-34615-0005.flac,1990
5895-34615-0006.flac,1990
5895-34615-0007.flac,1990
5895-34615-0008.flac,1990
5895-34615-0009.flac,1990
5895-34615-0010.flac,1990
5895-34615-0011.flac,1990
5895-34615-0012.flac,1990
5895-34615-0013.flac,1990
5895-34615-0014.flac,1990
5895-34615-0015.flac,1990
5895-34615-0016.flac,1990
5895-34615-0017.flac,1990
5895-34615-0018.flac,1990
5895-34615-0019.flac,1990
5895-34615-0020.flac,1990
5895-34615-0021.flac,1990
6313-66125-0000.flac,3050
6313-66125-0001.flac,3050
6313-66125-0002.flac,3050
6313-66125-0003.flac,3050
6313-66125-0004.flac,3050
6313-66125-0005.flac,3050
6313-66125-0006.flac,3050
6313-66125-0007.flac,3050
6313-66125-0008.flac,3050
6313-66125-0009.flac,3050
6313-66125-0010.flac,3050
6313-66125-0011.flac,3050
6313-66125-0012.flac,3050
6313-66125-0013.flac,3050
6313-66125-0014.flac,3050
6313-66125-0015.flac,3050
6313-66125-0016.flac,3050
6313-66125-0017.flac,3050
6313-66125-0018.flac,3050
6313-66125-0019.flac,3050
6313-66125-0020.flac,3050
6313-66125-0021.flac,3050
6313-66125-0022.flac,3050
6313-66125-0023.flac,3050
6313-66125-0024.flac,3050
6313-66125-0025.flac,3050
6313-66125-0026.flac,3050
6313-66125-0027.flac,3050
8842-302196-0000.flac,3082
8842-302196-0001.flac,3082
8842-302196-0002.flac,3082
8842-302196-0003.flac,3082
8842-302196-0004.flac,3082
8842-302196-0005.flac,3082
8842-302196-0006.flac,3082
8842-302196-0007.flac,3082
8842-302196-0008.flac,3082
8842-302196-0009.flac,3082
8842-302196-0010.flac,3082
8842-302196-0011.flac,3082
8842-302196-0012.flac,3082
7850-73752-0000.flac,3150
7850-73752-0001.flac,3150
7850-73752-0002.flac,3150
7850-73752-0003.flac,3150
7850-73752-0004.flac,3150
7850-73752-0005.flac,3150
7850-73752-0006.flac,3150
7850-73752-0007.flac,3150
7850-73752-0008.flac,3150
7850-73752-0009.flac,3150
7850-73752-0010.flac,3150
7850-73752-0011.flac,3150
7850-73752-0012.flac,3150
7850-73752-0013.flac,3150
7850-73752-0014.flac,3150
7850-73752-0015.flac,3150
7850-73752-0016.flac,3150
7850-73752-0017.flac,3150
7850-73752-0018.flac,3150
7850-73752-0019.flac,3150
8297-275156-0000.flac,4668
8297-275156-0001.flac,4668
8297-275156-0002.flac,4668
8297-275156-0003.flac,4668
8297-275156-0004.flac,4668
8297-275156-0005.flac,4668
8297-275156-0006.flac,4668
8297-275156-0007.flac,4668
8297-275156-0008.flac,4668
8297-275156-0009.flac,4668
8297-275156-0010.flac,4668
8297-275156-0011.flac,4668
8297-275156-0012.flac,4668
8297-275156-0013.flac,4668
6241-61943-0000.flac,8100
6241-61943-0001.flac,8100
6241-61943-0002.flac,8100
6241-61943-0003.flac,8100
6241-61943-0004.flac,8100
6241-61943-0005.flac,8100
6241-61943-0006.flac,8100
6241-61943-0007.flac,8100
6241-61943-0008.flac,8100
6241-61943-0009.flac,8100
6241-61943-0010.flac,8100
6241-61943-0011.flac,8100
6241-61943-0012.flac,8100
6241-61943-0013.flac,8100
6241-61943-0014.flac,8100
6241-61943-0015.flac,8100
6241-61943-0016.flac,8100
6241-61943-0017.flac,8100
6241-61943-0018.flac,8100
6241-61943-0019.flac,8100
6241-61943-0020.flac,8100
6241-61943-0021.flac,8100
6241-61943-0022.flac,8100
6241-61943-0023.flac,8100
6241-61943-0024.flac,8100
6241-61943-0025.flac,8100
6241-61943-0026.flac,8100
6241-61943-0027.flac,8100
